{
  "horizon": 7,
  "last_value": {
    "mae": 16.880496,
    "rmse": 26.049061,
    "r2": 0.977366,
    "mape": 0.062609,
    "smape": 0.062295
  },
  "rolling_7": {
    "mae": 16.880496,
    "rmse": 26.049061,
    "r2": 0.977366,
    "mape": 0.062609,
    "smape": 0.062295
  }
}